FRX Sample,Site,Site 2,Total,Mn,Fe,Zn,Ga,Th,Rb,Sr,Y,Zr,Nb,Cluster
PARM1B,Sub-source 1,Sub-source 1,1,341,10745,63,22,16,168,1,53,262,47,1
PARM1C,Sub-source 1,Sub-source 1,1,510,11128,70,20,15,162,3,52,279,48,1
PARM8A,Sub-source 1,Sub-source 1,1,496,11752,51,19,20,170,3,60,271,49,1
PARM8B,Sub-source 1,Sub-source 1,1,538,11118,69,22,19,162,2,63,303,50,1
PARM8C,Sub-source 1,Sub-source 1,1,694,12255,77,27,23,164,3,61,296,44,1
PARM8D,Sub-source 1,Sub-source 1,1,557,10498,70,21,22,157,3,63,274,49,1
PARM8E,Sub-source 1,Sub-source 1,1,574,10498,77,24,20,160,3,62,269,48,1
PARM8F,Sub-source 1,Sub-source 1,1,634,10958,62,17,24,163,3,61,275,45,1
PARM8G,Sub-source 1,Sub-source 1,1,503,10023,67,25,20,149,2,55,254,43,1
PARM8H,Sub-source 1,Sub-source 1,1,514,9998,68,23,16,155,4,59,250,46,1
PARM8I,Sub-source 1,Sub-source 1,1,484,10184,62,22,18,154,2,61,284,45,1
PARM8J,Sub-source 1,Sub-source 1,1,612,10221,61,23,18,156,3,61,258,45,1
PARM8K,Sub-source 1,Sub-source 1,1,548,10566,68,28,23,160,2,63,275,52,1
PARM8L,Sub-source 1,Sub-source 1,1,553,11692,58,22,22,160,3,59,275,47,1
PARM8M,Sub-source 1,Sub-source 1,1,560,10431,60,25,20,155,4,57,257,47,1
PARM8N,Sub-source 1,Sub-source 1,1,547,10744,73,25,22,160,6,61,285,48,1
PAR100A,Sub-source 1,Sub-source 1,1,432,10349,66,16,17,157,1,56,277,45,1
PAR100B,Sub-source 1,Sub-source 1,1,429,10627,77,25,21,166,1,60,285,47,1
PAR100D,Sub-source 1,Sub-source 1,1,368,10524,73,27,17,164,1,57,280,48,1
PAR100E,Sub-source 1,Sub-source 1,1,374,11806,69,18,23,164,2,63,302,46,1
PAR100F,Sub-source 1,Sub-source 1,1,411,10546,62,23,17,166,1,56,285,50,1
PAR100G,Sub-source 1,Sub-source 1,1,417,11220,71,22,18,176,1,60,286,51,1
PAR100H,Sub-source 1,Sub-source 1,1,440,13207,87,29,16,188,1,58,296,50,1
PAR100I,Sub-source 1,Sub-source 1,1,601,20821,82,23,15,158,4,58,282,48,1
PAR100K,Sub-source 1,Sub-source 1,1,354,10708,65,25,17,167,2,56,298,49,1
PAR100L,Sub-source 1,Sub-source 1,1,293,10689,64,16,15,158,3,55,275,46,1
PAR100N,Sub-source 1,Sub-source 1,1,396,10624,80,23,16,164,2,57,283,48,1
PAR100O,Sub-source 1,Sub-source 1,1,403,10727,69,22,18,161,1,60,305,47,1
PAR101A,Sub-source 1,Sub-source 1,1,332,11981,70,26,20,177,1,62,293,53,1
PAR101C,Sub-source 1,Sub-source 1,1,384,8812,75,36,21,176,5,56,184,47,1
PAR101N,Sub-source 1,Sub-source 1,1,418,9203,66,34,17,183,3,55,195,43,1
PAR103A,Sub-source 1,Sub-source 1,1,334,10778,65,21,20,168,3,58,291,49,1
PAR103B,Sub-source 1,Sub-source 1,1,386,10694,61,20,15,164,1,60,286,48,1
PAR103C,Sub-source 1,Sub-source 1,1,340,10875,70,18,16,167,1,60,297,47,1
PAR103D,Sub-source 1,Sub-source 1,1,395,11152,82,25,18,175,1,60,271,51,1
PAR103E,Sub-source 1,Sub-source 1,1,249,10275,67,23,19,161,1,59,266,47,1
PAR103F,Sub-source 1,Sub-source 1,1,368,10731,63,22,17,171,2,60,294,49,1
PAR103G,Sub-source 1,Sub-source 1,1,355,10888,68,19,18,168,1,59,322,50,1
PAR103H,Sub-source 1,Sub-source 1,1,387,10626,75,22,16,172,1,58,315,46,1
PAR103J,Sub-source 1,Sub-source 1,1,445,10624,67,22,17,166,1,57,273,44,1
PAR103K,Sub-source 1,Sub-source 1,1,384,11063,60,19,14,167,2,59,291,44,1
PAR103M,Sub-source 1,Sub-source 1,1,265,12556,107,33,12,196,2,63,309,55,1
PAR103N,Sub-source 1,Sub-source 1,1,345,10818,74,24,14,168,1,61,315,50,1
PAR103O,Sub-source 1,Sub-source 1,1,463,11133,70,12,18,165,2,57,351,46,1
PAR104A,Sub-source 1,Sub-source 1,1,370,10992,58,22,19,166,2,58,283,45,1
PAR104B,Sub-source 1,Sub-source 1,1,418,13740,73,23,14,176,4,63,273,46,1
PAR104C,Sub-source 1,Sub-source 1,1,373,10476,81,16,13,161,2,60,281,45,1
PAR104D,Sub-source 1,Sub-source 1,1,389,13274,99,26,18,171,5,69,389,51,1
PAR104E,Sub-source 1,Sub-source 1,1,423,10780,73,21,17,169,2,58,289,50,1
PAR104F,Sub-source 1,Sub-source 1,1,284,13231,81,23,19,173,3,60,286,51,1
PAR104G,Sub-source 1,Sub-source 1,1,389,15066,70,22,17,161,3,60,306,51,1
PAR104I,Sub-source 1,Sub-source 1,1,436,16702,81,25,15,175,3,55,293,44,1
PAR104J,Sub-source 1,Sub-source 1,1,377,11175,57,24,16,175,1,56,288,45,1
PAR104L,Sub-source 1,Sub-source 1,1,431,11574,67,19,18,159,3,59,266,42,1
PAR104N,Sub-source 1,Sub-source 1,1,338,12078,71,18,17,177,1,63,289,50,1
PAR104O,Sub-source 1,Sub-source 1,1,385,11805,67,22,19,176,1,59,305,46,1
PAR105A,Sub-source 1,Sub-source 1,1,442,12586,70,22,14,159,2,59,297,47,1
PAR105B,Sub-source 1,Sub-source 1,1,390,12568,80,26,16,167,1,58,284,48,1
PAR105C,Sub-source 1,Sub-source 1,1,343,11004,75,26,16,168,2,58,285,49,1
PAR105D,Sub-source 1,Sub-source 1,1,335,11164,75,17,19,168,1,63,321,48,1
PAR105E,Sub-source 1,Sub-source 1,1,446,11366,78,25,17,175,2,59,309,51,1
PAR105F,Sub-source 1,Sub-source 1,1,465,10273,67,21,15,162,2,56,267,45,1
PAR105G,Sub-source 1,Sub-source 1,1,342,11651,78,21,17,166,3,59,331,47,1
PAR105H,Sub-source 1,Sub-source 1,1,391,10410,63,21,14,156,1,56,267,45,1
PAR105I,Sub-source 1,Sub-source 1,1,330,10865,69,23,18,175,1,59,284,49,1
PAR105K,Sub-source 1,Sub-source 1,1,420,10560,69,18,19,164,1,54,269,47,1
PAR105L,Sub-source 1,Sub-source 1,1,494,10087,71,21,9,153,2,58,276,45,1
PAR105M,Sub-source 1,Sub-source 1,1,415,12814,76,23,18,160,1,57,284,47,1
PAR105N,Sub-source 1,Sub-source 1,1,282,11215,66,24,12,173,1,59,287,48,1
PAR106A,Sub-source 1,Sub-source 1,1,362,9356,52,30,18,180,4,52,210,43,1
PAR107A,Sub-source 1,Sub-source 1,1,307,11896,61,21,16,162,3,56,279,44,1
PAR107B,Sub-source 1,Sub-source 1,1,366,11004,70,21,16,174,2,55,269,46,1
PAR107C,Sub-source 1,Sub-source 1,1,410,11587,83,26,22,183,3,65,276,52,1
PAR107E,Sub-source 1,Sub-source 1,1,403,11694,73,24,21,171,3,59,282,50,1
PAR107F,Sub-source 1,Sub-source 1,1,390,11336,58,26,15,171,3,60,266,47,1
PAR107H,Sub-source 1,Sub-source 1,1,378,13712,73,27,19,180,3,64,280,48,1
PAR107I,Sub-source 1,Sub-source 1,1,244,10565,71,27,19,173,1,63,277,49,1
PAR107K,Sub-source 1,Sub-source 1,1,487,11983,82,22,16,163,4,56,302,49,1
PAR107L,Sub-source 1,Sub-source 1,1,470,11630,69,23,15,177,1,63,264,49,1
PAR107M,Sub-source 1,Sub-source 1,1,288,12391,69,23,22,181,1,60,273,48,1
PAR107N,Sub-source 1,Sub-source 1,1,364,11525,71,17,16,168,1,64,291,45,1
PAR108D,Sub-source 1,Sub-source 1,1,407,11024,75,25,18,178,1,64,274,50,1
PAR108F,Sub-source 1,Sub-source 1,1,338,11729,76,23,15,164,3,59,272,48,1
PAR108G,Sub-source 1,Sub-source 1,1,420,11332,75,24,15,159,2,58,266,45,1
PAR108H,Sub-source 1,Sub-source 1,1,355,11662,84,25,17,184,1,57,275,49,1
PAR108I,Sub-source 1,Sub-source 1,1,447,12995,79,21,13,153,4,48,252,45,1
PAR108J,Sub-source 1,Sub-source 1,1,433,11603,73,20,17,161,2,58,310,48,1
PAR108L,Sub-source 1,Sub-source 1,1,498,14683,74,19,16,161,8,53,275,42,1
PAR108N,Sub-source 1,Sub-source 1,1,347,10757,84,19,16,170,2,57,298,44,1
PAR108O,Sub-source 1,Sub-source 1,1,306,11278,90,29,15,174,3,56,284,54,1
PAR109A,Sub-source 1,Sub-source 1,1,378,12239,83,35,18,191,2,63,308,51,1
PAR109B,Sub-source 1,Sub-source 1,1,347,10793,61,22,19,162,3,59,286,47,1
PAR109C,Sub-source 1,Sub-source 1,1,443,10715,78,20,16,163,2,61,279,49,1
PAR109E,Sub-source 1,Sub-source 1,1,352,10508,93,22,14,164,1,58,283,49,1
PAR109H,Sub-source 1,Sub-source 1,1,385,10429,69,21,13,166,1,58,273,47,1
PAR109J,Sub-source 1,Sub-source 1,1,345,10482,79,18,16,158,1,60,277,45,1
PAR109K,Sub-source 1,Sub-source 1,1,352,10715,82,24,17,172,2,61,296,50,1
PAR109L,Sub-source 1,Sub-source 1,1,351,17583,79,31,15,166,9,57,315,54,1
PAR109M,Sub-source 1,Sub-source 1,1,336,11071,77,15,17,163,2,61,276,48,1
PAR109N,Sub-source 1,Sub-source 1,1,359,11115,94,29,13,167,2,60,287,54,1
PAR109O,Sub-source 1,Sub-source 1,1,434,11925,81,27,19,177,3,62,311,54,1
PAR110A,Sub-source 1,Sub-source 1,1,415,10645,64,14,17,158,1,57,263,44,1
PAR110B,Sub-source 1,Sub-source 1,1,396,10685,77,22,16,162,2,58,284,45,1
PAR110C,Sub-source 1,Sub-source 1,1,357,9791,70,22,20,155,2,55,280,47,1
PAR110D,Sub-source 1,Sub-source 1,1,370,10572,67,24,18,175,1,64,292,49,1
PAR110E,Sub-source 1,Sub-source 1,1,373,10756,81,24,16,179,1,55,280,54,1
PAR110G,Sub-source 1,Sub-source 1,1,374,10623,64,22,17,165,1,57,277,46,1
PAR110H,Sub-source 1,Sub-source 1,1,419,10711,71,25,17,156,2,57,281,49,1
PAR110I,Sub-source 1,Sub-source 1,1,408,11360,64,20,14,158,5,56,289,46,1
PAR110J,Sub-source 1,Sub-source 1,1,367,10868,62,20,19,176,1,56,280,43,1
PAR110L,Sub-source 1,Sub-source 1,1,330,11742,63,23,14,173,1,56,283,51,1
PAR110M,Sub-source 1,Sub-source 1,1,333,10809,62,19,19,163,1,58,283,44,1
PAR110O,Sub-source 1,Sub-source 1,1,818,12383,72,18,18,157,4,57,290,41,1
PAR112N,Sub-source 1,Sub-source 1,1,429,10344,68,26,19,167,6,51,209,45,1
PAR113H,Sub-source 1,Sub-source 1,1,560,10497,59,31,17,178,5,47,202,47,1
PAR114B,Sub-source 1,Sub-source 1,1,237,10984,75,23,20,161,3,57,287,47,1
PAR114C,Sub-source 1,Sub-source 1,1,307,11523,93,25,14,176,1,60,293,48,1
PAR114E,Sub-source 1,Sub-source 1,1,333,10812,71,18,17,164,2,57,269,49,1
PAR114I,Sub-source 1,Sub-source 1,1,243,11431,79,17,17,171,2,60,282,48,1
PAR114J,Sub-source 1,Sub-source 1,1,363,10621,63,22,18,166,1,61,303,49,1
PAR114K,Sub-source 1,Sub-source 1,1,294,11166,72,22,18,171,2,62,270,47,1
PAR114L,Sub-source 1,Sub-source 1,1,306,11109,68,17,21,162,1,57,279,48,1
PAR114M,Sub-source 1,Sub-source 1,1,424,11978,87,17,17,168,1,65,290,52,1
PAR114O,Sub-source 1,Sub-source 1,1,321,11722,77,21,17,168,1,63,317,49,1
PARM2A,Sub-source 2,Sub-source 2,1,420,8552,57,17,15,155,5,46,194,37,2
PARM2B,Sub-source 2,Sub-source 2,1,442,8867,68,20,14,168,5,46,195,40,2
PARM2C,Sub-source 2,Sub-source 2,1,390,8802,57,21,13,157,5,48,203,40,2
PARM2D,Sub-source 2,Sub-source 2,1,417,8698,59,18,15,161,5,52,198,41,2
PARM2E,Sub-source 2,Sub-source 2,1,324,9081,62,19,15,160,9,46,190,36,2
PARM2F,Sub-source 2,Sub-source 2,1,362,8587,62,16,15,158,4,44,182,38,2
PARM2G,Sub-source 2,Sub-source 2,1,452,8549,49,18,18,158,6,42,189,40,2
PARM2H,Sub-source 2,Sub-source 2,1,399,8497,53,16,17,153,4,49,195,39,2
PARM2I,Sub-source 2,Sub-source 2,1,370,8590,59,20,16,151,5,47,192,37,2
PARM2J,Sub-source 2,Sub-source 2,1,502,9039,58,19,17,172,3,46,188,42,2
PARM2K,Sub-source 2,Sub-source 2,1,344,8360,49,17,14,157,4,48,177,36,2
PARM2L,Sub-source 2,Sub-source 2,1,403,8886,43,16,16,164,3,50,185,40,2
PARM2M,Sub-source 2,Sub-source 2,1,369,9027,59,19,19,163,3,46,187,37,2
PARM2N,Sub-source 2,Sub-source 2,1,398,8492,50,23,16,150,4,45,181,38,2
PARM2O,Sub-source 2,Sub-source 2,1,366,9098,68,18,16,167,5,49,196,39,2
PARM3A.1,Sub-source 2,Sub-source 2,1,323,8404,52,14,17,156,6,48,186,40,2
PARM4A,Sub-source 2,Sub-source 2,1,320,10237,52,20,20,157,5,47,191,39,2
PARM4B,Sub-source 2,Sub-source 2,1,336,9953,53,20,17,160,4,48,198,40,2
PARM4C,Sub-source 2,Sub-source 2,1,268,8634,54,17,17,155,4,49,183,38,2
PARM4D,Sub-source 2,Sub-source 2,1,526,9968,49,16,13,161,4,48,185,37,2
PARM4E,Sub-source 2,Sub-source 2,1,406,9349,51,18,20,161,5,48,194,40,2
PARM4F,Sub-source 2,Sub-source 2,1,323,8710,49,18,14,154,4,47,180,36,2
PARM4G,Sub-source 2,Sub-source 2,1,401,9502,52,20,18,159,3,45,181,39,2
PARM4H,Sub-source 2,Sub-source 2,1,396,8462,67,14,18,162,3,48,195,40,2
PARM4I,Sub-source 2,Sub-source 2,1,345,11235,55,17,14,163,4,49,195,38,2
PARM4J,Sub-source 2,Sub-source 2,1,395,8300,46,15,17,150,4,45,190,39,2
PARM4K,Sub-source 2,Sub-source 2,1,434,8693,59,21,17,167,5,44,205,41,2
PARM4L,Sub-source 2,Sub-source 2,1,272,9740,53,18,18,156,4,49,186,38,2
PARM4M,Sub-source 2,Sub-source 2,1,388,9080,54,23,17,163,4,47,200,40,2
PARM4N,Sub-source 2,Sub-source 2,1,294,8520,46,16,18,159,2,42,191,40,2
PARM4O,Sub-source 2,Sub-source 2,1,465,9899,51,24,20,181,7,51,214,43,2
PARM5A,Sub-source 2,Sub-source 2,1,399,8432,54,20,17,154,5,45,193,37,2
PARM5B,Sub-source 2,Sub-source 2,1,350,9681,65,20,18,162,4,49,197,42,2
PARM5C,Sub-source 2,Sub-source 2,1,277,8866,50,18,13,152,4,43,175,38,2
PARM5D,Sub-source 2,Sub-source 2,1,375,9049,58,19,15,159,4,47,184,38,2
PARM5E,Sub-source 2,Sub-source 2,1,354,8959,63,17,16,156,4,46,195,40,2
PARM5F,Sub-source 2,Sub-source 2,1,392,8642,40,18,19,157,5,48,190,40,2
PARM5G,Sub-source 2,Sub-source 2,1,432,10702,58,21,17,155,6,49,191,36,2
PARM5H,Sub-source 2,Sub-source 2,1,380,9258,45,18,16,163,5,45,203,40,2
PARM5I,Sub-source 2,Sub-source 2,1,334,8921,60,23,18,154,4,51,192,40,2
PARM5J,Sub-source 2,Sub-source 2,1,832,13702,59,22,13,147,7,44,183,38,2
PARM5K,Sub-source 2,Sub-source 2,1,346,9280,74,15,16,168,6,47,197,42,2
PARM5L,Sub-source 2,Sub-source 2,1,437,8660,53,22,18,157,5,45,210,38,2
PARM5M,Sub-source 2,Sub-source 2,1,345,8964,49,17,17,159,4,46,191,39,2
PARM5N,Sub-source 2,Sub-source 2,1,336,8778,59,18,18,161,2,52,195,37,2
PARM6A,Sub-source 2,Sub-source 2,1,363,8317,60,11,15,156,4,43,186,37,2
PARM6B,Sub-source 2,Sub-source 2,1,460,8691,43,16,20,159,5,47,190,38,2
PARM6C,Sub-source 2,Sub-source 2,1,451,8711,50,16,19,157,4,45,187,40,2
PARM6D,Sub-source 2,Sub-source 2,1,373,9594,60,18,21,163,6,49,196,40,2
PARM6E,Sub-source 2,Sub-source 2,1,380,8835,53,18,17,161,6,46,190,40,2
PARM6F,Sub-source 2,Sub-source 2,1,433,9205,58,20,17,161,5,47,192,40,2
PARM6G,Sub-source 2,Sub-source 2,1,447,8419,57,16,20,158,5,47,192,38,2
PARM6H,Sub-source 2,Sub-source 2,1,379,9165,56,14,16,137,7,46,173,38,2
PARM6I,Sub-source 2,Sub-source 2,1,465,8220,64,20,20,156,2,45,190,37,2
PARM6J,Sub-source 2,Sub-source 2,1,407,8097,45,19,15,152,4,45,191,40,2
PARM6K,Sub-source 2,Sub-source 2,1,536,8600,57,19,22,160,4,54,201,40,2
PARM6L,Sub-source 2,Sub-source 2,1,363,8147,56,16,14,147,4,43,180,38,2
PARM6M,Sub-source 2,Sub-source 2,1,396,8863,54,21,16,156,6,41,184,39,2
PARM6N,Sub-source 2,Sub-source 2,1,515,8535,50,22,17,158,6,47,188,38,2
PARM6O,Sub-source 2,Sub-source 2,1,437,8366,47,22,19,157,3,44,190,36,2
PARM6P,Sub-source 2,Sub-source 2,1,472,8233,41,18,17,150,4,45,185,39,2
PARM8O,Sub-source 2,Sub-source 2,1,384,10299,53,25,18,142,3,55,235,44,2
PARM9A,Sub-source 2,Sub-source 2,1,549,11041,48,24,16,142,35,45,155,36,2
PARM9B,Sub-source 2,Sub-source 2,1,430,8658,50,17,16,158,7,46,163,38,2
PARM9C,Sub-source 2,Sub-source 2,1,450,8142,46,22,13,154,7,48,158,36,2
PARM9D,Sub-source 2,Sub-source 2,1,421,7481,61,19,12,134,7,39,138,34,2
PARM9E,Sub-source 2,Sub-source 2,1,443,8610,48,20,15,153,11,46,156,34,2
PARM9F,Sub-source 2,Sub-source 2,1,400,7376,52,20,15,156,7,42,153,35,2
PARM9G,Sub-source 2,Sub-source 2,1,390,7769,59,23,20,158,8,43,156,38,2
PARM9H,Sub-source 2,Sub-source 2,1,486,7823,54,17,17,161,7,49,166,38,2
PARM9I,Sub-source 2,Sub-source 2,1,536,9628,46,21,15,140,16,41,152,36,2
PARM9J,Sub-source 2,Sub-source 2,1,363,7844,42,25,19,142,12,44,157,38,2
PARM9K,Sub-source 2,Sub-source 2,1,396,7428,46,23,16,148,8,44,158,39,2
PARM9L,Sub-source 2,Sub-source 2,1,448,7582,55,22,16,146,6,43,151,37,2
PARM9M,Sub-source 2,Sub-source 2,1,430,9604,52,21,16,154,11,47,178,37,2
PARM9N,Sub-source 2,Sub-source 2,1,405,9058,55,23,19,160,6,48,165,41,2
PARM9O,Sub-source 2,Sub-source 2,1,346,8459,54,21,17,154,10,47,155,39,2
PAR101B,Sub-source 2,Sub-source 2,1,378,8622,59,29,17,171,3,48,196,40,2
PAR101D,Sub-source 2,Sub-source 2,1,362,8677,57,23,19,173,7,43,177,40,2
PAR101E,Sub-source 2,Sub-source 2,1,447,8460,63,24,15,162,5,50,177,38,2
PAR101F,Sub-source 2,Sub-source 2,1,450,7862,55,20,13,154,7,49,177,38,2
PAR101G,Sub-source 2,Sub-source 2,1,331,8362,51,21,19,160,4,49,177,42,2
PAR101H,Sub-source 2,Sub-source 2,1,445,7890,61,16,15,164,4,49,170,38,2
PAR101I,Sub-source 2,Sub-source 2,1,378,8088,59,23,18,164,5,51,188,39,2
PAR101J,Sub-source 2,Sub-source 2,1,378,9241,58,18,15,157,4,45,183,37,2
PAR101K,Sub-source 2,Sub-source 2,1,291,8189,65,21,14,157,3,42,168,38,2
PAR101L,Sub-source 2,Sub-source 2,1,285,8217,57,20,14,157,3,49,164,40,2
PAR101M,Sub-source 2,Sub-source 2,1,352,10718,66,25,17,169,5,49,188,40,2
PAR101O,Sub-source 2,Sub-source 2,1,236,7561,68,19,16,158,6,44,164,36,2
PAR102A,Sub-source 2,Sub-source 2,1,325,9649,63,23,14,144,9,44,159,36,2
PAR102B,Sub-source 2,Sub-source 2,1,352,8179,63,20,17,168,2,50,173,40,2
PAR102C,Sub-source 2,Sub-source 2,1,279,8846,69,26,16,165,4,51,174,41,2
PAR102D,Sub-source 2,Sub-source 2,1,412,19855,65,17,19,148,5,46,160,39,2
PAR102E,Sub-source 2,Sub-source 2,1,267,7734,66,13,15,148,3,48,169,37,2
PAR102F,Sub-source 2,Sub-source 2,1,274,8894,80,21,17,165,5,44,163,36,2
PAR102G,Sub-source 2,Sub-source 2,1,408,8792,68,21,16,170,5,48,177,39,2
PAR102H,Sub-source 2,Sub-source 2,1,353,8342,60,17,15,171,4,51,178,40,2
PAR102I,Sub-source 2,Sub-source 2,1,393,7540,62,19,14,161,6,48,169,39,2
PAR102J,Sub-source 2,Sub-source 2,1,362,8012,60,22,13,159,3,45,180,36,2
PAR102K,Sub-source 2,Sub-source 2,1,479,8174,59,18,15,161,5,46,171,37,2
PAR102L,Sub-source 2,Sub-source 2,1,440,8442,53,25,13,168,5,48,178,41,2
PAR102M,Sub-source 2,Sub-source 2,1,406,9408,71,20,18,161,6,46,174,41,2
PAR102N,Sub-source 2,Sub-source 2,1,346,9308,64,19,15,168,4,46,164,37,2
PAR102O,Sub-source 2,Sub-source 2,1,390,8255,68,17,16,158,6,48,163,39,2
PAR106B,Sub-source 2,Sub-source 2,1,457,8886,59,24,20,164,5,47,202,40,2
PAR106C,Sub-source 2,Sub-source 2,1,330,9849,70,20,17,157,5,48,191,41,2
PAR106D,Sub-source 2,Sub-source 2,1,383,8648,66,21,15,165,4,47,193,42,2
PAR106E,Sub-source 2,Sub-source 2,1,570,15659,63,16,15,147,9,43,194,38,2
PAR106F,Sub-source 2,Sub-source 2,1,433,9010,59,25,15,166,5,49,202,42,2
PAR106G,Sub-source 2,Sub-source 2,1,393,9298,63,14,14,165,5,44,200,40,2
PAR106H,Sub-source 2,Sub-source 2,1,342,8704,50,22,16,160,3,48,191,38,2
PAR106I,Sub-source 2,Sub-source 2,1,660,11898,56,18,17,158,6,46,195,39,2
PAR106J,Sub-source 2,Sub-source 2,1,313,9524,75,22,20,155,3,41,188,38,2
PAR106K,Sub-source 2,Sub-source 2,1,425,8847,69,18,13,155,5,45,200,39,2
PAR106L,Sub-source 2,Sub-source 2,1,395,12887,54,19,14,161,8,46,197,37,2
PAR106M,Sub-source 2,Sub-source 2,1,393,11894,69,22,15,154,7,50,192,42,2
PAR106N,Sub-source 2,Sub-source 2,1,444,8542,51,23,16,164,3,46,195,36,2
PAR106O,Sub-source 2,Sub-source 2,1,394,10641,72,20,21,166,5,50,208,41,2
PAR108B,Sub-source 2,Sub-source 2,1,492,20555,71,22,10,113,22,45,351,47,2
PAR108M,Sub-source 2,Sub-source 2,1,362,10395,75,20,15,155,3,51,237,44,2
PAR111A,Sub-source 2,Sub-source 2,1,402,8256,66,19,14,151,4,44,196,34,2
PAR111B,Sub-source 2,Sub-source 2,1,423,8126,63,21,15,155,5,45,184,39,2
PAR111C,Sub-source 2,Sub-source 2,1,377,9032,62,15,16,159,6,48,196,39,2
PAR111D,Sub-source 2,Sub-source 2,1,385,8584,66,17,13,159,5,46,191,38,2
PAR111E,Sub-source 2,Sub-source 2,1,398,8599,68,23,17,166,3,49,197,39,2
PAR111F,Sub-source 2,Sub-source 2,1,366,8996,72,24,16,164,4,47,204,43,2
PAR111G,Sub-source 2,Sub-source 2,1,385,8428,68,20,15,163,3,48,201,41,2
PAR111H,Sub-source 2,Sub-source 2,1,399,8070,62,18,20,156,4,50,188,38,2
PAR111I,Sub-source 2,Sub-source 2,1,408,7991,64,17,15,157,4,45,192,41,2
PAR111J,Sub-source 2,Sub-source 2,1,350,9549,59,18,15,159,6,45,200,37,2
PAR111K,Sub-source 2,Sub-source 2,1,325,8342,67,15,14,168,3,44,197,42,2
PAR111L,Sub-source 2,Sub-source 2,1,425,9505,83,22,15,155,6,46,195,38,2
PAR111M,Sub-source 2,Sub-source 2,1,290,8305,68,23,16,150,4,47,190,39,2
PAR111N,Sub-source 2,Sub-source 2,1,298,8830,67,25,15,164,4,49,200,41,2
PAR111O,Sub-source 2,Sub-source 2,1,409,9757,58,16,10,157,5,49,194,40,2
PAR112A,Sub-source 2,Sub-source 2,1,334,8349,60,19,17,162,3,47,198,39,2
PAR112B,Sub-source 2,Sub-source 2,1,400,8943,68,23,16,166,4,48,204,39,2
PAR112C,Sub-source 2,Sub-source 2,1,225,8082,60,17,17,149,3,45,191,39,2
PAR112D,Sub-source 2,Sub-source 2,1,605,9984,72,25,16,165,5,51,198,41,2
PAR112E,Sub-source 2,Sub-source 2,1,389,8611,63,18,14,168,4,51,202,40,2
PAR112F,Sub-source 2,Sub-source 2,1,265,9682,63,19,18,160,5,47,197,40,2
PAR112G,Sub-source 2,Sub-source 2,1,370,8507,59,20,15,163,3,46,193,38,2
PAR112H,Sub-source 2,Sub-source 2,1,418,8765,62,20,18,164,4,47,211,44,2
PAR112I,Sub-source 2,Sub-source 2,1,368,8579,71,19,14,161,3,46,195,41,2
PAR112J,Sub-source 2,Sub-source 2,1,275,8489,65,24,17,161,3,45,195,39,2
PAR112K,Sub-source 2,Sub-source 2,1,306,8400,60,23,14,160,4,48,201,39,2
PAR112L,Sub-source 2,Sub-source 2,1,347,8293,62,15,18,160,5,48,202,39,2
PAR112M,Sub-source 2,Sub-source 2,1,313,8919,75,27,17,161,5,49,207,43,2
PAR112O,Sub-source 2,Sub-source 2,1,266,10663,46,24,15,156,7,49,194,36,2
PAR113A,Sub-source 2,Sub-source 2,1,315,8458,66,21,14,161,3,50,194,37,2
PAR113B,Sub-source 2,Sub-source 2,1,291,8393,66,27,13,164,5,46,201,41,2
PAR113C,Sub-source 2,Sub-source 2,1,403,9002,54,24,21,167,4,45,199,38,2
PAR113D,Sub-source 2,Sub-source 2,1,352,7988,47,23,19,155,5,43,187,38,2
PAR113E,Sub-source 2,Sub-source 2,1,330,8538,59,15,15,166,4,44,199,38,2
PAR113F,Sub-source 2,Sub-source 2,1,568,11092,87,23,14,170,9,52,202,41,2
PAR113G,Sub-source 2,Sub-source 2,1,360,8871,65,19,22,163,5,48,197,41,2
PAR113I,Sub-source 2,Sub-source 2,1,1208,13675,61,21,16,155,6,49,204,37,2
PAR113J,Sub-source 2,Sub-source 2,1,455,8846,58,19,14,161,4,48,195,39,2
PAR113K,Sub-source 2,Sub-source 2,1,242,9658,66,25,18,158,6,53,199,42,2
PAR113L,Sub-source 2,Sub-source 2,1,302,7396,56,12,12,136,3,39,168,35,2
PAR113M,Sub-source 2,Sub-source 2,1,478,10600,70,22,15,165,6,47,203,38,2
PAR113N,Sub-source 2,Sub-source 2,1,307,8359,64,19,17,164,4,49,203,40,2
PAR113O,Sub-source 2,Sub-source 2,1,351,8443,58,19,12,164,5,48,187,40,2
PAR114G,Sub-source 2,Sub-source 2,1,293,9441,55,17,16,152,2,51,267,44,2
PAR114H,Sub-source 2,Sub-source 2,1,287,9428,66,15,17,143,2,53,268,41,2
PAR115A,Sub-source 2,Sub-source 2,1,75,5120,49,23,14,144,6,43,174,35,2
PAR115B,Sub-source 2,Sub-source 2,1,453,10512,64,24,13,156,4,46,196,42,2
PAR115C,Sub-source 2,Sub-source 2,1,329,8787,56,23,13,159,4,51,196,39,2
PAR115D,Sub-source 2,Sub-source 2,1,409,8398,67,23,17,155,3,46,195,39,2
PAR115E,Sub-source 2,Sub-source 2,1,354,8585,63,15,15,165,4,46,198,39,2
PAR115F,Sub-source 2,Sub-source 2,1,303,8659,74,18,13,161,4,45,186,40,2
PAR115G,Sub-source 2,Sub-source 2,1,326,9741,72,19,14,155,5,48,204,43,2
PAR115H,Sub-source 2,Sub-source 2,1,370,8896,58,19,18,163,3,48,199,38,2
PAR115I,Sub-source 2,Sub-source 2,1,335,8807,76,27,19,161,5,48,201,41,2
PAR115J,Sub-source 2,Sub-source 2,1,287,8875,71,19,16,159,6,45,205,41,2
PAR115K,Sub-source 2,Sub-source 2,1,337,8949,55,21,17,168,3,48,192,39,2
PAR115L,Sub-source 2,Sub-source 2,1,288,10350,63,23,14,155,7,46,184,39,2
PAR115M,Sub-source 2,Sub-source 2,1,287,8083,72,18,17,153,3,46,187,41,2
PAR115N,Sub-source 2,Sub-source 2,1,429,8814,67,26,14,157,4,47,199,44,2
PAR115O,Sub-source 2,Sub-source 2,1,467,9639,67,23,15,159,5,48,192,37,2
AMOMOLOC04,Amomoloc,Archaeological,1,458,10062,67,25,15,187,6,48,208,40,2
AMOMOLOC06,Amomoloc,Archaeological,1,482,9322,67,18,20,161,6,53,203,40,2
AMOMOLOC09,Amomoloc,Archaeological,1,451,9485,60,21,17,164,4,46,198,43,2
AMOMOLOC10,Amomoloc,Archaeological,1,306,8708,58,21,20,155,4,51,197,39,2
AMOMOLOC15,Amomoloc,Archaeological,1,492,10538,69,29,20,186,4,54,221,46,2
AMOMOLOC16,Amomoloc,Archaeological,1,471,10865,67,24,17,192,4,52,231,47,2
AMOMOLOC17,Amomoloc,Archaeological,1,450,9618,57,19,20,168,5,50,213,41,2
AMOMOLOC18,Amomoloc,Archaeological,1,476,10874,76,26,15,183,8,51,225,45,2
AMOMOLOC19,Amomoloc,Archaeological,1,440,10216,77,20,15,180,5,54,217,43,2
AMOMOLOC20,Amomoloc,Archaeological,1,407,9018,59,17,17,161,6,46,204,39,2
AMOMOLOC24,Amomoloc,Archaeological,1,361,9262,59,20,20,169,4,48,210,44,2
AMOMOLOC27,Amomoloc,Archaeological,1,489,10053,68,23,17,189,4,53,204,44,2
AMOMOLOC31,Amomoloc,Archaeological,1,358,9261,67,20,20,172,5,54,196,40,2
AMOMOLOC35,Amomoloc,Archaeological,1,401,10193,61,22,17,176,5,55,217,43,2
AMOMOLOC37,Amomoloc,Archaeological,1,409,9459,53,21,11,176,4,49,198,39,2
AMOMOLOC38,Amomoloc,Archaeological,1,243,9166,74,15,17,162,5,46,192,39,2
AMOMOLOC40,Amomoloc,Archaeological,1,419,9939,47,23,23,174,7,52,206,42,2
AMOMOLOC42,Amomoloc,Archaeological,1,366,9490,61,21,19,172,5,53,198,45,2
AMOMOLOC44,Amomoloc,Archaeological,1,494,10377,83,21,16,183,5,54,221,46,2
AMOMOLOC45,Amomoloc,Archaeological,1,414,10964,66,23,19,182,6,55,216,44,2
AMOMOLOC47,Amomoloc,Archaeological,1,409,9249,47,19,16,158,5,51,194,42,2
AMOMOLOC49,Amomoloc,Archaeological,1,358,10473,66,23,17,193,3,52,222,44,2
AMOMOLOC52,Amomoloc,Archaeological,1,403,9518,50,22,17,166,4,54,202,43,2
AMOMOLOC53,Amomoloc,Archaeological,1,402,9927,79,24,18,186,6,49,211,42,2
AMOMOLOC54,Amomoloc,Archaeological,1,451,10107,71,23,18,180,6,50,217,44,2
AMOMOLOC57,Amomoloc,Archaeological,1,393,10047,66,22,17,171,5,52,217,49,2
AMOMOLOC59,Amomoloc,Archaeological,1,407,9924,60,23,17,178,4,49,209,44,2
AMOMOLOC63,Amomoloc,Archaeological,1,499,11468,81,26,21,206,5,62,226,48,2
AMOMOLOC64,Amomoloc,Archaeological,1,436,12236,79,28,21,200,5,56,238,46,2
AMOMOLOC65,Amomoloc,Archaeological,1,418,9528,65,21,20,165,4,51,204,43,2
AMOMOLOC72,Amomoloc,Archaeological,1,503,9544,88,24,13,190,6,51,194,41,2
AMOMOLOC75,Amomoloc,Archaeological,1,494,9737,51,21,14,169,5,53,204,39,2
AMOMOLOC76,Amomoloc,Archaeological,1,322,9228,55,20,17,182,4,49,218,43,2
AMOMOLOC77,Amomoloc,Archaeological,1,459,9839,74,21,18,190,5,50,210,40,2
AMOMOLOC78,Amomoloc,Archaeological,1,534,10933,71,23,22,191,4,61,228,50,2
LAGUNA01,Laguna,Archaeological,1,415,9398,54,23,14,169,4,46,209,39,2
LAGUNA02,Laguna,Archaeological,1,359,9331,56,19,19,163,5,49,210,41,2
LAGUNA03,Laguna,Archaeological,1,407,8951,49,20,14,155,5,48,198,42,2
LAGUNA04,Laguna,Archaeological,1,474,9204,68,18,15,162,6,49,197,41,2
LAGUNA05,Laguna,Archaeological,1,363,9879,58,22,18,180,5,52,219,43,2
LAGUNA06,Laguna,Archaeological,1,536,9946,57,23,17,176,6,51,207,44,2
LAGUNA07,Laguna,Archaeological,1,431,9951,53,24,20,173,5,52,211,42,2
LAGUNA08,Laguna,Archaeological,1,379,10456,63,24,18,181,6,53,248,44,2
LAGUNA09,Laguna,Archaeological,1,518,11421,99,27,17,199,4,61,238,46,2
LAGUNA10,Laguna,Archaeological,1,358,9549,56,22,19,169,5,52,206,42,2
LAGUNA11,Laguna,Archaeological,1,436,10104,63,19,17,172,3,55,216,44,2
LAGUNA12,Laguna,Archaeological,1,382,9564,59,24,20,175,4,49,213,41,2
LAGUNA13,Laguna,Archaeological,1,375,10930,68,26,22,195,5,57,242,49,2
LAGUNA14,Laguna,Archaeological,1,334,9586,68,18,15,174,5,51,207,41,2
LAGUNA15,Laguna,Archaeological,1,439,9741,66,21,21,181,5,52,209,42,2
LAGUNA16,Laguna,Archaeological,1,347,9320,55,21,17,164,5,49,203,40,2
LAGUNA17,Laguna,Archaeological,1,394,10246,54,21,22,174,6,56,213,41,2
LAGUNA18,Laguna,Archaeological,1,470,9772,58,24,18,179,5,52,228,44,2
LAGUNA19,Laguna,Archaeological,1,384,9882,63,23,21,185,5,54,214,43,2
LAGUNA20,Laguna,Archaeological,1,338,9272,48,19,16,170,3,50,209,40,2
LAGUNA21,Laguna,Archaeological,1,464,10987,73,26,23,186,4,54,229,47,2
LAGUNA22,Laguna,Archaeological,1,477,9724,55,23,17,172,4,49,204,40,2
LAGUNA23,Laguna,Archaeological,1,469,10431,72,24,21,188,4,51,222,43,2
LAGUNA24,Laguna,Archaeological,1,367,9610,52,23,21,176,6,52,210,43,2
LAGUNA25,Laguna,Archaeological,1,425,10559,75,21,21,184,5,55,250,42,2
LAGUNA26,Laguna,Archaeological,1,448,9770,51,22,19,173,5,51,207,42,2
LAGUNA27,Laguna,Archaeological,1,357,9451,46,19,16,164,5,54,203,40,2
LAGUNA28,Laguna,Archaeological,1,399,9331,62,19,17,162,6,54,203,42,2
LAGUNA29,Laguna,Archaeological,1,344,10165,69,17,16,176,4,51,223,40,2
LAGUNA30,Laguna,Archaeological,1,457,10274,68,24,17,193,5,54,219,41,2
LAGUNA31,Laguna,Archaeological,1,357,9180,61,21,21,170,5,49,202,43,2
LAGUNA32,Laguna,Archaeological,1,315,9530,54,19,16,169,3,53,212,45,2
LAGUNA33,Laguna,Archaeological,1,351,10182,65,23,17,166,6,55,219,47,2
LAGUNA34,Laguna,Archaeological,1,448,10254,82,26,22,187,4,53,222,42,2
LAGUNA35,Laguna,Archaeological,1,509,10187,72,23,24,174,6,51,213,43,2
LAGUNA36,Laguna,Archaeological,1,461,9680,74,20,22,173,5,51,220,41,2
LAGUNA37,Laguna,Archaeological,1,321,9255,57,20,16,166,5,53,206,41,2
LAGUNA38,Laguna,Archaeological,1,409,9283,64,22,14,173,5,52,206,42,2
LAGUNA39,Laguna,Archaeological,1,391,10460,61,22,21,185,6,58,230,44,2
LAGUNA40,Laguna,Archaeological,1,493,10736,60,26,21,186,4,58,228,46,2
LAGUNA41,Laguna,Archaeological,1,390,8902,49,21,17,158,5,52,204,43,2
LAGUNA42,Laguna,Archaeological,1,308,9512,66,18,18,168,5,53,203,42,2
LAGUNA43,Laguna,Archaeological,1,465,11214,70,28,18,202,4,60,235,45,2
LAGUNA44,Laguna,Archaeological,1,436,9679,57,26,17,177,5,50,216,43,2
LAGUNA45,Laguna,Archaeological,1,520,11127,78,22,18,199,8,58,228,44,2
LAGUNA46,Laguna,Archaeological,1,335,10171,72,18,22,177,4,53,221,41,2
LAGUNA47,Laguna,Archaeological,1,356,11915,75,27,20,204,5,62,239,52,2
LAGUNA48,Laguna,Archaeological,1,475,9433,61,20,19,171,4,52,200,42,2
LAGUNA49,Laguna,Archaeological,1,395,9201,65,22,14,163,8,44,199,42,2
LAGUNA50,Laguna,Archaeological,1,412,9802,66,25,17,178,6,51,211,44,2
LAGUNA51,Laguna,Archaeological,1,408,9671,50,21,21,165,3,54,211,41,2
LAGUNA52,Laguna,Archaeological,1,382,9958,56,21,15,176,3,49,209,45,2
LAGUNA53,Laguna,Archaeological,1,392,10014,55,21,21,180,5,54,211,44,2
LAGUNA54,Laguna,Archaeological,1,412,8899,51,18,19,160,4,52,201,41,2
LAGUNA55,Laguna,Archaeological,1,431,9261,46,19,17,171,4,49,209,44,2
LAGUNA56,Laguna,Archaeological,1,491,8903,51,18,16,162,4,52,198,43,2
LAGUNA57,Laguna,Archaeological,1,426,10224,60,26,16,178,6,49,212,44,2
LAGUNA58,Laguna,Archaeological,1,454,10075,58,23,21,180,5,54,215,43,2
LAGUNA59,Laguna,Archaeological,1,542,10628,68,23,22,184,6,54,228,45,2
LAGUNA60,Laguna,Archaeological,1,361,9353,48,23,19,172,5,51,216,41,2
LAGUNA61,Laguna,Archaeological,1,306,8884,61,16,19,176,3,45,206,40,2
LAGUNA62,Laguna,Archaeological,1,456,9162,63,21,18,167,3,47,207,42,2
LAGUNA64,Laguna,Archaeological,1,383,10186,58,27,17,188,3,49,212,44,2
LAGUNA65,Laguna,Archaeological,1,368,9857,69,22,15,176,3,54,213,43,2
LAGUNA66,Laguna,Archaeological,1,449,9633,51,19,16,169,5,52,197,42,2
LAGUNA67,Laguna,Archaeological,1,520,11062,59,24,22,189,5,55,225,45,2
LAGUNA68,Laguna,Archaeological,1,563,10219,69,24,15,180,5,53,215,45,2
LAGUNA69,Laguna,Archaeological,1,314,8907,60,19,22,157,5,49,192,39,2
LAGUNA70,Laguna,Archaeological,1,344,9554,72,18,17,166,5,49,206,44,2
LAGUNA71,Laguna,Archaeological,1,445,9620,54,21,17,166,2,49,209,46,2
MESITAS01,Mesitas,Archaeological,1,472,9460,58,16,16,171,6,49,208,43,2
MESITAS02,Mesitas,Archaeological,1,500,9739,63,21,22,168,5,49,218,40,2
MESITAS04,Mesitas,Archaeological,1,319,9658,60,24,19,173,4,54,208,41,2
MESITAS05,Mesitas,Archaeological,1,444,9711,64,20,17,165,5,50,203,41,2
MESITAS06,Mesitas,Archaeological,1,431,8407,55,23,16,166,6,47,193,39,2
MESITAS07,Mesitas,Archaeological,1,377,9960,73,20,21,166,5,53,213,45,2
MESITAS08,Mesitas,Archaeological,1,368,9906,66,24,15,176,5,52,253,43,2
MESITAS09,Mesitas,Archaeological,1,382,9331,72,21,13,166,4,51,201,39,2
MESITAS10,Mesitas,Archaeological,1,450,9394,52,21,17,175,4,53,205,41,2
MESITAS11,Mesitas,Archaeological,1,410,9126,57,21,17,165,5,47,199,40,2
MESITAS12,Mesitas,Archaeological,1,332,9588,46,20,15,170,5,50,207,40,2
MESITAS13,Mesitas,Archaeological,1,486,9571,47,21,16,177,4,52,219,44,2
MESITAS14,Mesitas,Archaeological,1,425,10098,58,23,19,180,4,55,225,44,2
MESITAS15,Mesitas,Archaeological,1,401,9896,66,21,17,175,4,49,212,46,2
MESITAS16,Mesitas,Archaeological,1,400,10294,67,20,18,174,5,56,216,46,2
MESITAS17,Mesitas,Archaeological,1,437,9261,55,20,17,173,4,48,201,40,2
MESITAS18,Mesitas,Archaeological,1,432,10319,69,25,24,189,5,60,220,45,2
MESITAS19,Mesitas,Archaeological,1,478,10861,96,21,20,190,7,54,245,44,2
MESITAS20,Mesitas,Archaeological,1,431,9214,52,23,15,165,4,48,206,41,2
MESITAS21,Mesitas,Archaeological,1,363,9648,60,23,17,180,4,54,210,42,2
MESITAS22,Mesitas,Archaeological,1,464,9533,53,18,21,171,3,48,210,42,2
MESITAS23,Mesitas,Archaeological,1,375,9282,49,24,21,168,4,52,202,41,2
MESITAS24,Mesitas,Archaeological,1,442,9366,68,20,17,177,4,50,199,43,2
MESITAS25,Mesitas,Archaeological,1,463,9694,73,22,16,173,4,51,211,40,2
MESITAS26,Mesitas,Archaeological,1,351,10438,76,21,16,185,3,53,221,44,2
MESITAS27,Mesitas,Archaeological,1,408,9301,68,21,17,175,6,52,214,43,2
MESITAS28,Mesitas,Archaeological,1,392,9263,58,18,15,168,5,50,204,39,2
MESITAS29,Mesitas,Archaeological,1,378,9780,51,22,19,179,7,48,214,41,2
MESITAS30,Mesitas,Archaeological,1,444,9094,49,18,16,156,5,45,199,38,2
MESITAS31,Mesitas,Archaeological,1,452,9537,50,20,16,164,6,53,206,45,2
MESITAS32,Mesitas,Archaeological,1,441,9408,67,21,15,172,5,50,209,42,2
MESITAS33,Mesitas,Archaeological,1,408,9319,61,23,20,171,4,52,213,40,2
MESITAS34,Mesitas,Archaeological,1,354,10015,59,22,16,176,5,48,212,41,2
MESITAS35,Mesitas,Archaeological,1,522,11222,69,25,19,200,5,54,224,46,2
MESITAS36,Mesitas,Archaeological,1,567,15393,84,34,29,249,6,70,262,54,2
MESITAS37,Mesitas,Archaeological,1,327,9285,49,17,15,168,4,47,210,43,2
MESITAS38,Mesitas,Archaeological,1,429,9986,58,21,18,175,6,51,222,44,2
MESITAS39,Mesitas,Archaeological,1,427,9742,52,20,14,177,4,52,202,43,2
MESITAS40,Mesitas,Archaeological,1,268,10014,59,22,16,170,5,55,210,43,2
MESITAS41,Mesitas,Archaeological,1,429,9800,48,23,19,175,6,48,210,45,2
MESITAS42,Mesitas,Archaeological,1,334,10856,53,25,18,173,5,51,228,44,2
MESITAS43,Mesitas,Archaeological,1,344,9369,56,22,20,171,3,51,201,42,2
MESITAS44,Mesitas,Archaeological,1,394,9391,58,22,19,161,5,48,197,42,2
MESITAS45,Mesitas,Archaeological,1,355,10124,63,27,18,173,4,55,210,45,2
MESITAS46,Mesitas,Archaeological,1,516,10348,64,24,22,180,4,52,215,42,2
MESITAS47,Mesitas,Archaeological,1,398,8955,53,22,15,167,5,44,198,42,2
MESITAS48,Mesitas,Archaeological,1,460,9442,50,19,14,167,3,47,201,41,2
MESITAS49,Mesitas,Archaeological,1,440,9363,66,19,18,169,4,53,199,38,2
MESITAS50,Mesitas,Archaeological,1,461,10213,68,23,22,182,8,56,222,46,2
MESITAS51,Mesitas,Archaeological,1,535,9728,55,20,16,171,5,49,202,43,2
MESITAS52,Mesitas,Archaeological,1,344,9830,75,21,18,179,4,50,219,45,2
MESITAS53,Mesitas,Archaeological,1,485,9774,61,22,15,170,4,53,204,45,2
MESITAS54,Mesitas,Archaeological,1,354,8817,53,15,13,161,4,47,192,39,2
MESITAS55,Mesitas,Archaeological,1,392,9720,57,19,16,183,4,53,217,45,2
MESITAS56,Mesitas,Archaeological,1,434,10202,60,23,19,179,6,60,213,44,2
MESITAS57,Mesitas,Archaeological,1,488,11357,94,23,21,207,4,55,244,49,2
MESITAS58,Mesitas,Archaeological,1,431,9361,47,20,16,170,5,52,204,41,2
MESITAS59,Mesitas,Archaeological,1,362,10111,47,20,18,184,5,53,212,40,2
MESITAS60,Mesitas,Archaeological,1,358,10645,76,24,17,188,3,51,220,48,2
TETEL01,Tetel,Archaeological,1,393,9083,59,21,14,156,3,45,193,40,2
TETEL03,Tetel,Archaeological,1,514,11102,80,27,17,195,3,55,229,46,2
TETEL05,Tetel,Archaeological,1,423,10044,84,23,16,182,6,50,212,47,2
TETEL06,Tetel,Archaeological,1,726,14607,134,31,29,248,5,64,246,52,2
TETEL08,Tetel,Archaeological,1,356,8780,65,20,16,161,6,48,204,42,2
TETEL10,Tetel,Archaeological,1,576,13330,107,30,26,235,6,63,282,53,2
TETEL11,Tetel,Archaeological,1,624,13621,91,25,26,233,4,66,256,53,2
TETEL12,Tetel,Archaeological,1,422,9730,56,20,19,177,6,49,210,40,2
TETEL13,Tetel,Archaeological,1,400,9763,53,20,14,169,3,50,209,39,2
TETEL14,Tetel,Archaeological,1,383,9385,52,22,16,160,4,52,205,43,2
TETEL15,Tetel,Archaeological,1,391,9722,63,23,18,180,5,52,214,44,2
TETEL16,Tetel,Archaeological,1,508,10229,57,20,18,178,4,54,213,43,2
TETEL17,Tetel,Archaeological,1,402,11347,66,20,21,189,6,59,221,46,2
TETEL18,Tetel,Archaeological,1,503,10338,81,21,21,187,5,50,225,47,2
TETEL19,Tetel,Archaeological,1,467,9626,67,21,18,165,5,53,201,44,2
TETEL20,Tetel,Archaeological,1,460,9294,67,23,15,165,4,49,217,43,2
TETEL21,Tetel,Archaeological,1,385,9064,45,20,20,194,11,49,199,41,2
TETEL23,Tetel,Archaeological,1,375,9760,69,22,18,166,5,54,212,41,2
TETEL24,Tetel,Archaeological,1,392,9400,61,19,18,165,6,49,205,41,2
TETEL26,Tetel,Archaeological,1,372,9747,58,22,13,168,4,51,210,42,2
TETEL27,Tetel,Archaeological,1,334,9662,62,18,14,164,7,50,211,42,2
TETEL28,Tetel,Archaeological,1,400,11240,65,24,20,198,6,59,230,45,2
TETEL29,Tetel,Archaeological,1,472,9726,52,22,14,173,2,54,204,42,2
TETEL30,Tetel,Archaeological,1,403,10294,67,22,19,182,2,57,215,44,2
TETEL31,Tetel,Archaeological,1,348,9841,53,23,17,174,7,55,224,42,2
TETEL32,Tetel,Archaeological,1,480,9610,61,20,15,166,5,52,205,42,2
TETEL33,Tetel,Archaeological,1,473,10507,65,23,20,186,4,57,216,46,2
TETEL34,Tetel,Archaeological,1,421,10028,67,21,17,175,4,55,208,44,2
TETEL35,Tetel,Archaeological,1,352,9004,66,21,17,167,4,50,196,40,2
TETEL37,Tetel,Archaeological,1,366,9647,49,20,18,165,3,50,216,44,2
TETEL39,Tetel,Archaeological,1,460,11101,69,23,20,188,6,54,223,44,2
TETEL40,Tetel,Archaeological,1,638,10446,54,20,19,187,11,52,219,43,2
TETEL44,Tetel,Archaeological,1,385,10873,67,24,14,169,6,54,212,41,2
TETEL45,Tetel,Archaeological,1,357,9797,59,20,17,173,5,49,209,40,2
TETEL46,Tetel,Archaeological,1,506,10259,70,23,17,185,4,51,219,47,2
TETEL47,Tetel,Archaeological,1,426,9305,63,20,15,167,4,54,204,40,2
TETEL48,Tetel,Archaeological,1,494,9926,64,21,16,173,5,53,214,44,2
TETEL49,Tetel,Archaeological,1,262,9198,62,21,14,170,5,48,199,43,2
TETEL50,Tetel,Archaeological,1,447,9055,57,17,14,176,5,49,210,41,2
TETEL51,Tetel,Archaeological,1,455,9580,56,20,20,173,5,51,207,41,2
TETEL52,Tetel,Archaeological,1,476,9942,51,24,18,185,2,53,228,44,2
TETEL53,Tetel,Archaeological,1,464,10835,50,20,19,196,4,56,226,46,2
TETEL54,Tetel,Archaeological,1,477,10216,79,23,13,196,5,50,218,48,2
TETEL55,Tetel,Archaeological,1,562,11749,74,26,19,213,5,57,230,48,2
TETEL56,Tetel,Archaeological,1,347,10081,63,23,17,185,5,52,216,44,2
TETEL57,Tetel,Archaeological,1,398,9123,50,20,17,168,4,51,202,43,2
TETEL58,Tetel,Archaeological,1,439,9507,61,23,21,175,5,50,199,45,2
TETEL59,Tetel,Archaeological,1,292,8725,53,16,21,161,4,46,196,37,2
TETEL60,Tetel,Archaeological,1,364,9660,67,17,21,176,7,50,204,46,2
TETEL61,Tetel,Archaeological,1,437,10187,51,23,17,181,4,49,212,44,2
TETEL64,Tetel,Archaeological,1,440,9532,47,16,20,169,5,49,208,42,2
TETEL65,Tetel,Archaeological,1,430,8902,60,18,17,163,4,48,195,39,2
TETEL66,Tetel,Archaeological,1,333,9589,61,22,20,181,7,50,213,45,2
TETEL67,Tetel,Archaeological,1,453,9468,61,21,20,165,5,51,208,42,2
TETEL68,Tetel,Archaeological,1,406,9770,65,20,15,182,3,52,213,40,2
TETEL69,Tetel,Archaeological,1,474,11613,75,26,19,189,4,55,224,44,2
TETEL70,Tetel,Archaeological,1,363,11179,66,24,24,204,4,57,235,48,2
TETEL71,Tetel,Archaeological,1,451,10030,65,18,21,180,6,57,221,43,2
TETEL72,Tetel,Archaeological,1,391,10621,69,21,16,188,5,54,212,46,2
TETEL73,Tetel,Archaeological,1,509,10571,80,22,18,196,5,53,232,46,2
TETEL74,Tetel,Archaeological,1,439,10841,64,23,21,186,6,54,220,46,2
TETEL75,Tetel,Archaeological,1,369,9827,64,23,19,175,6,52,220,45,2
TETEL76,Tetel,Archaeological,1,481,9555,65,26,21,174,5,50,217,43,2
TETEL78,Tetel,Archaeological,1,297,9411,61,23,21,170,6,45,204,40,2
TETEL79,Tetel,Archaeological,1,360,9219,60,21,20,172,5,50,193,38,2
TETEL80,Tetel,Archaeological,1,300,9188,52,17,15,155,5,49,187,41,2
TETEL81,Tetel,Archaeological,1,435,9154,51,19,22,164,3,49,197,43,2
TETEL82,Tetel,Archaeological,1,423,9824,66,22,21,171,3,54,214,43,2
TETEL83,Tetel,Archaeological,1,344,9742,63,23,17,176,5,46,200,41,2
TETEL84,Tetel,Archaeological,1,376,9638,67,21,15,165,3,52,197,42,2
TETEL85,Tetel,Archaeological,1,428,10416,63,28,16,182,4,53,214,42,2
TETEL86,Tetel,Archaeological,1,456,10728,47,25,19,181,4,54,226,46,2
TETEL87,Tetel,Archaeological,1,422,9180,65,18,18,160,6,50,200,41,2
TETEL88,Tetel,Archaeological,1,511,10983,71,25,22,194,5,60,224,48,2
TETEL89,Tetel,Archaeological,1,470,9702,72,23,21,179,5,51,203,42,2
TETEL90,Tetel,Archaeological,1,396,9329,73,22,18,173,3,48,206,40,2
TETEL91,Tetel,Archaeological,1,480,9290,69,17,17,167,3,50,203,41,2
TETEL92,Tetel,Archaeological,1,478,9375,59,20,15,171,4,50,206,45,2
TETEL93,Tetel,Archaeological,1,479,9250,67,20,18,163,5,48,194,41,2
TETEL94,Tetel,Archaeological,1,456,9884,63,21,15,177,6,48,203,43,2
TETEL95,Tetel,Archaeological,1,482,9494,59,20,18,168,5,53,204,45,2
TETEL98,Tetel,Archaeological,1,485,11073,60,29,16,187,5,53,221,44,2
TETEL99,Tetel,Archaeological,1,387,9256,61,19,19,161,7,50,192,42,2
TETEL100,Tetel,Archaeological,1,348,9265,60,18,16,165,4,49,203,42,2
TETEL101,Tetel,Archaeological,1,410,9164,58,22,19,173,3,49,214,42,2
TETEL102,Tetel,Archaeological,1,426,9473,41,18,16,167,3,50,202,42,2
TETEL103,Tetel,Archaeological,1,432,9588,56,23,20,172,5,53,211,40,2
TETEL104,Tetel,Archaeological,1,439,9711,62,25,16,176,6,49,211,40,2
TETEL105,Tetel,Archaeological,1,427,9231,53,18,16,164,3,48,196,40,2
TETEL106,Tetel,Archaeological,1,437,9479,68,22,19,178,6,53,201,43,2
TETEL108,Tetel,Archaeological,1,370,9537,51,20,18,166,6,46,194,40,2
TETEL109,Tetel,Archaeological,1,410,11080,72,24,18,195,6,55,224,47,2
TETEL111,Tetel,Archaeological,1,380,8775,55,20,15,179,6,50,194,39,2
TETEL112,Tetel,Archaeological,1,370,10144,69,23,19,185,5,50,214,43,2
TETEL113,Tetel,Archaeological,1,422,9956,55,21,15,173,5,55,214,43,2
TETEL114,Tetel,Archaeological,1,483,14697,81,30,28,227,8,64,238,52,2
TETEL115,Tetel,Archaeological,1,367,10344,58,20,18,178,4,54,221,43,2
TETEL117,Tetel,Archaeological,1,359,9006,49,20,17,163,4,49,201,37,2
TETEL118,Tetel,Archaeological,1,402,10182,67,27,18,180,4,51,210,43,2
TETEL120,Tetel,Archaeological,1,308,9499,52,20,18,161,5,50,208,44,2
NAT66,Xochitecatl,Archaeological,1,270,8926,62,20,16,163,3,48,190,36,2
NAT88,Xochitecatl,Archaeological,1,254,9456,58,33,16,178,6,50,215,46,2
NAT95,Xochitecatl,Archaeological,1,447,9143,53,25,18,167,3,49,206,41,2
NAT96,Xochitecatl,Archaeological,1,342,8997,54,27,18,174,5,51,212,45,2
NAT98,Xochitecatl,Archaeological,1,334,8466,49,27,16,171,5,46,193,41,2
NAT111,Xochitecatl,Archaeological,1,463,10620,62,31,17,196,4,59,218,44,2
x01_03,Xochitecatl,Archaeological,1,370,8702,49,25,17,155,3,49,198,41,2
x01_04,Xochitecatl,Archaeological,1,302,8265,39,20,17,149,4,42,193,38,2
x01_05,Xochitecatl,Archaeological,1,366,10026,81,34,20,181,4,48,207,43,2
x01_09,Xochitecatl,Archaeological,1,361,8878,59,25,12,170,4,49,203,43,2
x01_10,Xochitecatl,Archaeological,1,413,8647,44,25,17,152,5,47,188,38,2
x01_12,Xochitecatl,Archaeological,1,376,8730,74,21,14,170,3,50,198,41,2
x01_13,Xochitecatl,Archaeological,1,311,10025,48,24,17,158,5,51,194,41,2
x01_14,Xochitecatl,Archaeological,1,367,8973,54,22,17,166,4,52,194,40,2
x01_15,Xochitecatl,Archaeological,1,316,8064,47,18,12,154,3,44,181,38,2
x01_16,Xochitecatl,Archaeological,1,400,8370,56,24,16,155,4,44,187,41,2
x01_17,Xochitecatl,Archaeological,1,212,9403,59,23,14,175,5,50,203,45,2
x01_18,Xochitecatl,Archaeological,1,444,10267,90,29,21,184,4,54,220,45,2
x01_20,Xochitecatl,Archaeological,1,302,8926,55,25,19,157,3,47,188,40,2
x01_22,Xochitecatl,Archaeological,1,449,10479,70,30,18,189,5,52,221,47,2
X01_26,Xochitecatl,Archaeological,1,361,8770,63,21,16,168,4,45,204,41,2
X01_27,Xochitecatl,Archaeological,1,371,8061,51,21,14,155,5,48,190,41,2
X01_28,Xochitecatl,Archaeological,1,340,9067,60,26,17,165,3,44,195,37,2
X01_29,Xochitecatl,Archaeological,1,419,10211,67,27,15,183,5,54,219,47,2
X01_30,Xochitecatl,Archaeological,1,437,9117,58,29,11,163,5,50,204,42,2
X01_31,Xochitecatl,Archaeological,1,349,8305,61,23,18,157,4,48,193,37,2
X01_32,Xochitecatl,Archaeological,1,298,9093,55,28,14,173,3,48,209,45,2
X01_33,Xochitecatl,Archaeological,1,306,8706,55,30,15,166,4,51,199,43,2
X01_34,Xochitecatl,Archaeological,1,385,8884,54,33,16,175,2,49,214,44,2
X01_35,Xochitecatl,Archaeological,1,336,9822,72,29,16,182,3,49,220,43,2
X01_43,Xochitecatl,Archaeological,1,260,8476,55,23,16,167,3,51,199,41,2
X01_45,Xochitecatl,Archaeological,1,334,9869,59,26,19,197,5,53,218,43,2
X01_48,Xochitecatl,Archaeological,1,342,7997,48,19,18,153,5,46,194,37,2